단어,rater1,rater2
3기_신도시,1,1
4대강,1,1
ASF,1,1
AZ_백신,1,1
BBK,1,1
BMW,1,1
BMW_차량,1,1
BMW코리아,1,1
BNK,1,1
BTJ,1,1
CCTV,1,1
CDC,1,1
CJ대한통운,1,1
CPR,1,1
City,1,1
DNA,1,1
EBS,1,1
EGR,1,1
ELS,1,1
EMA,1,1
ESG,1,1
Education,1,1
English,1,1
FDA,1,1
GS25,1,1
HDC,1,1
HMM,1,1
IBK,1,1
ICT,1,1
IEM,1,1
ILO,1,1
IMF,1,1
IPO,1,1
JMS,1,1
JTBC,1,1
KF80,1,1
KTX,1,1
LG화학,1,1
LH_직원,1,1
NCC,1,1
OECD,1,1
PCR,1,1
PCR_검사,1,1
RSV,1,1
S&P,1,1
SDI,1,1
SKY,1,1
SK그룹,1,1
SK이노베이션,1,1
SNS,1,1
SPC,1,1
SPL,1,1
SRT,1,1
TBS,1,1
TV_수신료,1,1
TV조선,1,1
WFM,1,1
education,1,1
e스포츠협회,1,1
n번방,1,1
support,1,1
tvN,1,1
가동률,1,1
가사도우미,1,1
가산점,1,1
가석방,1,1
가습기,1,1
가습기_살균제,1,1
가입자,1,1
가자지구,1,1
가정폭력,1,1
가족부,1,1
가짜뉴스,1,1
가처분,1,1
가해자,1,1
간담회,1,1
간호법,1,1
간호사,1,1
간호조무사,1,1
감독관,1,1
감사원,1,1
감사원장,1,1
감소세,1,1
감염경로,1,1
감염병,1,1
감염원,1,1
감염자,1,1
감염증,1,1
감찰_중단,1,1
감찰부,1,1
감찰위,1,1
갑판원,1,1
강기정,1,1
강남구,1,1
강남역,1,1
강래구,1,1
강릉선,1,1
강북삼성병원,1,1
강서구,1,1
강수량,1,1
강아지,1,1
강원도,1,1
강원랜드,1,1
강원랜드_채용비리,1,1
강제징용,1,1
강제추행,1,1
강추위,1,1
강화군,1,1
개그맨,1,1
개발원,1,1
개인정보,1,1
개정안,1,1
개천절,1,1
개편안,1,1
개학_연기,1,1
개헌안,1,1
개혁안,1,1
개혁위,1,1
거래대금,1,1
거래소,1,1
거부자,1,1
거짓말,1,1
건강관리,1,1
건강보험,1,1
건물주,1,1
건설_현장,1,1
건설노조,1,1
건설사,1,1
건설현장,1,1
건조기,1,1
건축물,1,1
검경_수사권,1,1
검사들,1,1
검사소,1,1
검사장,1,1
검사키트,1,1
검수완박,1,1
검수완박_법안,1,1
검언유착,1,1
검정고시,1,1
검찰_개혁,1,1
검찰_수사,1,1
검찰_수사권,1,1
검찰_인사,1,1
검찰_조사,1,1
검찰개혁,1,1
검찰단,1,1
검찰청,1,1
검찰총장,1,1
게스트하우스,1,1
겨울철,1,1
격리_의무,1,1
격리자,1,1
결정권,1,1
결혼식,1,1
경공모,1,1
경기도,1,1
경기도교육청,1,1
경남도,1,1
경북대,1,1
경북대_의대,1,1
경북대병원,1,1
경북도,1,1
경비원,1,1
경사노위,1,1
경영계,1,1
경영권_승계,1,1
경영진,1,1
경영책임자,1,1
경쟁력,1,1
경쟁률,1,1
경주시청,1,1
경찰_통제,1,1
경찰관,1,1
경찰국,1,1
경찰국_신설,1,1
경찰국장,1,1
경찰대,1,1
경찰수업,1,1
경찰청,1,1
경찰청장,1,1
경찰총장,1,1
경희대,1,1
계엄령,1,1
계열사,1,1
고검장,1,1
고교학점제,1,1
고기압,1,1
고등학교,1,1
고등학생,1,1
고래고기,1,1
고려대,1,1
고령자,1,1
고령층,1,1
고발_사주,1,1
고발사주,1,1
고발장,1,1
고사장,1,1
고소인,1,1
고소장,1,1
고속도로,1,1
고수온,1,1
고시원,1,1
고양시,1,1
고양이,1,1
고용노동부,1,1
고용보험,1,1
고용부,1,1
고위험군,1,1
고혈압,1,1
골프장,1,1
공공기관,1,1
공공부문,1,1
공공성,1,1
공교육,1,1
공권력,1,1
공권력_투입,1,1
공기업,1,1
공기청정기,1,1
공동체,1,1
공론화,1,1
공론화위,1,1
공모전,1,1
공무원,1,1
공사장,1,1
공소시효,1,1
공소장,1,1
공소장_변경,1,1
공수처,1,1
공수처법,1,1
공수처장,1,1
공영방송,1,1
공정성,1,1
공정위,1,1
공직선거법,1,1
공직자,1,1
공휴일,1,1
과거사위,1,1
과로사,1,1
과불화,1,1
과실치사상,1,1
과징금,1,1
과태료,1,1
관리군,1,1
관리청,1,1
관세청,1,1
관악구,1,1
광복절,1,1
광복회,1,1
광주시,1,1
광주지법,1,1
광화문,1,1
광화문_집회,1,1
괴리율,1,1
교과서,1,1
교권_침해,1,1
교도소,1,1
교부금,1,1
교사들,1,1
교육감,1,1
교육과정,1,1
교육법,1,1
교육부,1,1
교육장,1,1
교육청,1,1
교육활동,1,1
교육활동_보호,1,1
교직원,1,1
교통사고,1,1
구급차,1,1
구로구,1,1
구성원,1,1
구속영장,1,1
구속영장_청구,1,1
구속적부심,1,1
구제역,1,1
구조물,1,1
구조조정,1,1
구직자,1,1
구청장,1,1
구치소,1,1
국가고시,1,1
국가교육회의,1,1
국공립,1,1
국과수,1,1
국립공원,1,1
국립대,1,1
국립대병원,1,1
국립중앙의료원,1,1
국민대,1,1
국민들,1,1
국민안심병원,1,1
국민연금,1,1
국민은행,1,1
국민의당,1,1
국민의힘,1,1
국민혁명당,1,1
국방부,1,1
국방부_검찰단,1,1
국세청,1,1
국수,1,1
국수본,1,1
국정감사,1,1
국정농단,1,1
국정원,1,1
국정원_특활비,1,1
국정원장,1,1
국정조사,1,1
국정화,1,1
국제고,1,1
국제유가,1,1
국토부,1,1
국회의원,1,1
군산공장,1,1
군인권,1,1
권고안,1,1
권력기관,1,1
권익위,1,1
극단적_선택,1,1
근로시간,1,1
근로시간_단축,1,1
근로시간_제도,1,1
근로자,1,1
근무자,1,1
글로벌,1,1
글로컬,1,1
금감원,1,1
금융위,1,1
금지법,1,1
금호타이어,1,1
급유선,1,1
기관장,1,1
기내식,1,1
기념식,1,1
기대감,1,1
기동대,1,1
기무사,1,1
기본권,1,1
기본급,1,1
기부금,1,1
기상청,1,1
기성용,1,1
기소권,1,1
기숙사,1,1
기아차,1,1
기업은행,1,1
기자간담회,1,1
기자회견,1,1
기재부,1,1
기저질환,1,1
기초연금,1,1
기초자산,1,1
기피_신청,1,1
기획관,1,1
기획사,1,1
기획전,1,1
긴급체포,1,1
김포골드라인,1,1
깔따구,1,1
꾸러미,1,1
나이스,1,1
나이지리아,1,1
낙동강,1,1
낙태죄,1,1
낚싯배,1,1
난마돌,1,1
난방비,1,1
남부지검장,1,1
남아공,1,1
남양유업,1,1
남자친구,1,1
남해안,1,1
납세자,1,1
내년도_최저임금,1,1
내연녀,1,1
네트워크,1,1
넷플릭스,1,1
노동계,1,1
노동부,1,1
노동시간,1,1
노동이사제,1,1
노동자,1,1
노동자들,1,1
노동절,1,1
노동조합,1,1
노래방,1,1
노래주점,1,1
노량진,1,1
노로바이러스,1,1
노바백스,1,1
노바백스_백신,1,1
노조법,1,1
노조원,1,1
녹취록,1,1
놀이기구,1,1
농식품부,1,1
농업인,1,1
농작물,1,1
뇌물수수,1,1
뇌전증,1,1
뇌졸중,1,1
뇌출혈,1,1
누적_확진자,1,1
누진제,1,1
뉴스데스크,1,1
뉴스타파,1,1
느릅나무,1,1
늘봄학교,1,1
다나스,1,1
다뉴브강,1,1
다단계,1,1
다문화,1,1
다큐멘터리,1,1
단계적_일상,1,1
단계적_일상회복,1,1
단국대,1,1
단백질,1,1
단체행동,1,1
단톡방,1,1
달러화,1,1
담당관,1,1
당뇨병,1,1
당사자,1,1
당선인,1,1
당선자,1,1
대검_부장회의,1,1
대검찰청,1,1
대구경북,1,1
대구교회,1,1
대구시,1,1
대구의료원,1,1
대국민,1,1
대기업,1,1
대남병원,1,1
대리점,1,1
대림산업,1,1
대법관,1,1
대법원,1,1
대법원장,1,1
대변인,1,1
대사관저,1,1
대상자,1,1
대성고,1,1
대성호,1,1
대우조선,1,1
대우조선해양,1,1
대원들,1,1
대의원,1,1
대입제도,1,1
대장균,1,1
대장동,1,1
대장동_의혹,1,1
대장동_일당,1,1
대전시,1,1
대전협,1,1
대주주,1,1
대중교통,1,1
대체복무제,1,1
대통령,1,1
대통령실,1,1
대표이사,1,1
대피소,1,1
대학생,1,1
대학원,1,1
대한민국,1,1
대한통운,1,1
대한항공,1,1
대행사,1,1
대화방,1,1
더불어민주당,1,1
더블링,1,1
더블스타,1,1
데이터,1,1
데이트,1,1
델타_변이,1,1
도곡동,1,1
도로공사,1,1
도르지_소장,1,1
도봉구,1,1
도서관,1,1
도시락,1,1
도이치모터스,1,1
독감_백신,1,1
독감백신,1,1
독극물,1,1
독립운동,1,1
독서실,1,1
돈스코이호,1,1
돌잔치,1,1
돌파감염,1,1
동거녀,1,1
동거인,1,1
동덕여대,1,1
동백꽃,1,1
동부구치소,1,1
동아리,1,1
동양대,1,1
동양대_총장,1,1
동영상,1,1
동작구,1,1
동절기,1,1
동해안,1,1
돼지열병,1,1
두산건설,1,1
드라마,1,1
드라이브,1,1
드라이브_스루,1,1
드루킹,1,1
등교_개학,1,1
등교_수업,1,1
등교개학,1,1
등교수업,1,1
등락률,1,1
등록금,1,1
등록금_반환,1,1
등산로,1,1
디지털,1,1
디지털_성범죄,1,1
라게브리오,1,1
라니티딘,1,1
라디오,1,1
라이브,1,1
라이프,1,1
라임_사태,1,1
러시아,1,1
럼피스킨병,1,1
레끼마,1,1
레미콘,1,1
레지던트,1,1
렉키로나주,1,1
렘데시비르,1,1
롤스로이스,1,1
롯데그룹,1,1
롯데월드,1,1
롯데홈쇼핑,1,1
룸카페,1,1
르노삼성,1,1
리벤지,1,1
리치웨이,1,1
리테일,1,1
마무리,1,1
마스크,1,1
마스크_착용,1,1
마스크_착용_의무,1,1
마약_음료,1,1
마약_투약,1,1
마약_투약_혐의,1,1
마약류,1,1
마와르,1,1
마이삭,1,1
마지막,1,1
만민중앙교회,1,1
만족도,1,1
맞춤형,1,1
매뉴얼,1,1
매니저,1,1
매도호가,1,1
매드독,1,1
매수호가,1,1
매트리스,1,1
메르스,1,1
메르스_환자,1,1
메시지,1,1
멧돼지,1,1
면마스크,1,1
면역력,1,1
명성교회,1,1
명예훼손,1,1
명지병원,1,1
모니터링,1,1
모바일,1,1
모의평가,1,1
모해위증,1,1
목격자,1,1
목소리,1,1
목욕탕,1,1
무기징역,1,1
무기한,1,1
무단이탈,1,1
무더위,1,1
무량판,1,1
무이파,1,1
무임승차,1,1
무정차_통과,1,1
무혐의,1,1
문화재,1,1
물놀이,1,1
물놀이장,1,1
물류센터,1,1
미디어,1,1
미래에셋대우,1,1
미성년자,1,1
미세먼지,1,1
미세먼지_농도,1,1
미수습자,1,1
미얀마,1,1
미접종자,1,1
미추홀구,1,1
미투운동,1,1
미호강,1,1
민간인,1,1
민간인_사찰,1,1
민노총,1,1
민방위,1,1
민식이,1,1
민정수석,1,1
민주노총,1,1
민주당,1,1
민주연구원,1,1
민주주의,1,1
민통선,1,1
밀반입,1,1
밀접접촉자,1,1
바른미래당,1,1
바이러스,1,1
바이오,1,1
바이킹,1,1
박람회,1,1
반도체,1,1
반려견,1,1
반려동물,1,1
반지하,1,1
발전소,1,1
방류량,1,1
방문자,1,1
방문진,1,1
방사능,1,1
방송법,1,1
방심위,1,1
방역_당국,1,1
방역_패스,1,1
방역당국,1,1
방역패스,1,1
방역패스_적용,1,1
방통위,1,1
방통위원장,1,1
방호복,1,1
배당금,1,1
배우자,1,1
배임_혐의,1,1
배터리,1,1
백석역,1,1
백신_접종,1,1
백신_패스,1,1
백신접종,1,1
백화점,1,1
버닝썬,1,1
범투본,1,1
법무부,1,1
법무부_장관,1,1
법사위,1,1
법외노조_통보,1,1
법원장,1,1
법원행정처,1,1
법정관리,1,1
베이비,1,1
베트남,1,1
변별력,1,1
변호사,1,1
변호사비,1,1
변호사비_대납,1,1
변호인,1,1
변호인단,1,1
병무청,1,1
병역법,1,1
병원장,1,1
보건당국,1,1
보건소,1,1
보건용_마스크,1,1
보건의료노조,1,1
보고서,1,1
보상금,1,1
보안법,1,1
보완수사,1,1
보유세,1,1
보육교사,1,1
보이스피싱,1,1
보이콧,1,1
보일러,1,1
보조금,1,1
보좌관,1,1
보증금,1,1
보행로,1,1
보행자,1,1
보험금,1,1
보험료,1,1
보험사,1,1
보호자,1,1
보호출산제,1,1
복지관,1,1
복지부,1,1
본부장,1,1
본회의,1,1
봉사자,1,1
봉사활동,1,1
봉투법,1,1
부근_해상,1,1
부다페스트,1,1
부동산,1,1
부동산_투기,1,1
부모급여,1,1
부본부장,1,1
부사관,1,1
부사장,1,1
부산대,1,1
부산대병원,1,1
부산시,1,1
부상자,1,1
부스터,1,1
부스터샷,1,1
부시장,1,1
부실장,1,1
부원장,1,1
부위원장,1,1
부작용,1,1
부장검사,1,1
부장판사,1,1
부정행위,1,1
부지사,1,1
부천시,1,1
부총리,1,1
부총장,1,1
부회장,1,1
북한군,1,1
북한산,1,1
분당제생병원,1,1
분류작업,1,1
분리_징수,1,1
분식회계,1,1
분위기,1,1
분향소,1,1
불가능,1,1
불가리스,1,1
불공정,1,1
불구속,1,1
불기소,1,1
불법_촬영,1,1
불법행위,1,1
불송치,1,1
불안감,1,1
불이익,1,1
불출석,1,1
브로커,1,1
블랙리스트,1,1
블랙박스,1,1
비공개,1,1
비구름,1,1
비대면_진료,1,1
비대위,1,1
비디오,1,1
비상계획,1,1
비상구,1,1
비상저감,1,1
비서관,1,1
비서관실,1,1
비서실장,1,1
비수도,1,1
비아이,1,1
비자금,1,1
비정규직,1,1
비타민,1,1
비행기,1,1
비행단,1,1
빌딩,1,1
빌라왕,1,1
쁘라삐룬,1,1
사각지대,1,1
사교육,1,1
사교육비,1,1
사노맹,1,1
사단장,1,1
사람들,1,1
사랑제일교회,1,1
사령관,1,1
사립대,1,1
사립유치원,1,1
사망자,1,1
사모펀드,1,1
사무관,1,1
사무실,1,1
사무처장,1,1
사법부,1,1
사법행정권_남용,1,1
사상자,1,1
사업자,1,1
사업장,1,1
사업주,1,1
사업체,1,1
사외이사,1,1
사용료,1,1
사용자,1,1
사우나,1,1
사이버,1,1
사이코패스,1,1
사이트,1,1
사이판,1,1
사전예약,1,1
사전투표,1,1
사주,1,1
사직서,1,1
사회적_거리,1,1
사회적_합의,1,1
산사태,1,1
산업부,1,1
산업은행,1,1
산유국,1,1
살균제,1,1
살인_예고,1,1
살인사건,1,1
살인예고,1,1
살인죄,1,1
살처분,1,1
삼성물산,1,1
삼성바이오,1,1
삼성바이오로직스,1,1
삼성서울병원,1,1
삼성전자,1,1
삼성전자서비스,1,1
삼성증권,1,1
삼표산업,1,1
상도유치원,1,1
상반기,1,1
상산고,1,1
상수도,1,1
상온_노출,1,1
상황실,1,1
새마을금고,1,1
새만금,1,1
생명과학,1,1
생수병,1,1
생중계,1,1
생활_속_거리,1,1
생활기록부,1,1
생활방역,1,1
생활치료센터,1,1
서비스,1,1
서울경찰청,1,1
서울광장,1,1
서울교통공사,1,1
서울구치소,1,1
서울대,1,1
서울대공원,1,1
서울대병원,1,1
서울시,1,1
서울시교육청,1,1
서울시청,1,1
서울역,1,1
서울중앙지검,1,1
서울중앙지법,1,1
서울청,1,1
서이초,1,1
서이초_교사,1,1
서초구,1,1
서초동,1,1
서해안,1,1
서현역,1,1
선거법,1,1
선관위,1,1
선교회,1,1
선별진료소,1,1
선생님,1,1
선택과목,1,1
선풍기,1,1
설립자,1,1
설명회,1,1
설악산,1,1
섬진강,1,1
성과급,1,1
성관계,1,1
성남도시개발공사,1,1
성남시,1,1
성남시청,1,1
성매매,1,1
성범죄,1,1
성북구,1,1
성심병원,1,1
성전환,1,1
성전환_수술,1,1
성접대,1,1
성접대_의혹,1,1
성차별,1,1
성착취,1,1
성착취물,1,1
성추행,1,1
성추행_의혹,1,1
성추행_피해,1,1
성평등,1,1
성폭력,1,1
성폭행,1,1
성희롱,1,1
세무조사,1,1
세월호,1,1
세월호_참사,1,1
세입자,1,1
세종병원,1,1
세종시,1,1
센터장,1,1
셀트리온,1,1
소나기,1,1
소독제,1,1
소득세,1,1
소방관,1,1
소방당국,1,1
소방서,1,1
소방서장,1,1
소방청,1,1
소비자,1,1
소상공인,1,1
소상공인들,1,1
소생술,1,1
소속사,1,1
소송법,1,1
소형_타워크레인,1,1
속항원,1,1
손소독제,1,1
손해배상,1,1
수급자,1,1
수납원,1,1
수능_연기,1,1
수능시험,1,1
수도권,1,1
수돗물,1,1
수돗물_유충,1,1
수면제,1,1
수사,1,1
수사_의뢰,1,1
수사관,1,1
수사권,1,1
수사권_조정,1,1
수사단,1,1
수사단장,1,1
수사본부,1,1
수사부,1,1
수사심의위,1,1
수사지휘,1,1
수사지휘권,1,1
수사지휘권_폐지,1,1
수사청,1,1
수사팀,1,1
수산물,1,1
수상자,1,1
수석실,1,1
수수료,1,1
수술실,1,1
수시모집,1,1
수신료,1,1
수영장,1,1
수용자,1,1
수원시,1,1
수원지검,1,1
수정안,1,1
수출액,1,1
수출입,1,1
수험생,1,1
수험표,1,1
숙명여고,1,1
술자리,1,1
스마트,1,1
스마트워치,1,1
스스로,1,1
스카우트,1,1
스카이코비원,1,1
스쿨존,1,1
스키장,1,1
스킨병,1,1
스타모빌리티,1,1
스타벅스,1,1
스터디,1,1
스텔스,1,1
스텔스_오미크론,1,1
스토킹,1,1
스토킹_범죄,1,1
스튜디오,1,1
스트레스,1,1
스트레이트,1,1
스포츠,1,1
스프링클러,1,1
스피싱,1,1
승강기,1,1
승무원,1,1
승용차,1,1
시간당,1,1
시공사,1,1
시내버스,1,1
시멘트,1,1
시민들,1,1
시민참여단,1,1
시범사업,1,1
시청자,1,1
시청자들,1,1
시행령,1,1
시험실,1,1
시험장,1,1
시험지,1,1
식약처,1,1
식중독,1,1
신고리,1,1
신고자,1,1
신규_확진자,1,1
신당역,1,1
신도시,1,1
신라젠,1,1
신림동,1,1
신림역,1,1
신생아,1,1
신세계백화점,1,1
신속항원검사,1,1
신의칙,1,1
신일그룹,1,1
신입생,1,1
신종_코로나,1,1
신천지,1,1
신천지_교인,1,1
신천지_대구교회,1,1
신천지_신도,1,1
신천지교회,1,1
신혼부부,1,1
실내_마스크,1,1
실소유주,1,1
실시간,1,1
실업급여,1,1
실외_마스크,1,1
실종자,1,1
심신미약,1,1
심의위,1,1
심정지,1,1
심폐소생술,1,1
싱가포르,1,1
쌍둥이,1,1
쌍방울,1,1
쌍방울그룹,1,1
쌍용차,1,1
쓰레기,1,1
아가동산,1,1
아나운서,1,1
아나필락,1,1
아동학,1,1
아동학대,1,1
아레나,1,1
아르바이트,1,1
아버지,1,1
아스트라제네카,1,1
아스트라제네카_백신,1,1
아스파탐,1,1
아시아,1,1
아시아나,1,1
아시아나항공,1,1
아이돌보미,1,1
아이들,1,1
아이스,1,1
아이폰,1,1
아주대병원,1,1
아침밥,1,1
아파트,1,1
아프간,1,1
아프리카돼지열병,1,1
악성_민원,1,1
안락사,1,1
안전띠,1,1
안전망,1,1
안전사고,1,1
안전성,1,1
안전운임제,1,1
안전진단,1,1
알레르기,1,1
알릴레오,1,1
암매장,1,1
암사역,1,1
압수수색,1,1
압수수색_영장,1,1
앞바다,1,1
애틀랜타,1,1
야영장,1,1
얀센_백신,1,1
양부모,1,1
양성_판정,1,1
양식장,1,1
양심적,1,1
양천구,1,1
어금니,1,1
어금니_아빠,1,1
어려움,1,1
어르신,1,1
어르신들,1,1
어린이,1,1
어린이날,1,1
어린이집,1,1
어머니,1,1
언론사,1,1
업무개시명령,1,1
업무보고,1,1
업무상,1,1
업무추진비,1,1
에너지,1,1
에듀파인,1,1
에스컬레이터,1,1
에어리,1,1
에어컨,1,1
에이즈,1,1
엔터테인먼트,1,1
엘니뇨,1,1
엘리베이터,1,1
엘시티,1,1
엠폭스,1,1
여가부,1,1
여가부_폐지,1,1
여객선,1,1
여고생,1,1
여과지,1,1
여름방학,1,1
여름철,1,1
여성들,1,1
여의도,1,1
여인숙,1,1
여자친구,1,1
여중생,1,1
여직원,1,1
여학생,1,1
여행용_가방,1,1
역무원,1,1
역주행,1,1
역학조사,1,1
연구관,1,1
연구소,1,1
연구원,1,1
연구진,1,1
연구팀,1,1
연구회,1,1
연대회의,1,1
연말연시,1,1
연세대,1,1
연쇄살인,1,1
연수원,1,1
연예대상,1,1
연예인,1,1
열대야,1,1
열사병,1,1
영국발,1,1
영남대병원,1,1
영산강,1,1
영상물,1,1
영어수업,1,1
영업시간,1,1
영업점,1,1
영유아,1,1
영장실질심사,1,1
영흥도,1,1
예고글,1,1
예방접종,1,1
예비소집,1,1
예비후보,1,1
예산안,1,1
예술인,1,1
예약자,1,1
오리온,1,1
오마이스,1,1
오미크론,1,1
오미크론_변이,1,1
오스템임플란트,1,1
오염수,1,1
오접종,1,1
오토바이,1,1
오피스텔,1,1
온라인_강의,1,1
온라인_개학,1,1
온라인_수업,1,1
온수관,1,1
온열질환자,1,1
온천교회,1,1
올림픽,1,1
올림픽대로,1,1
옵티머스,1,1
완료자,1,1
완치자,1,1
왕성교회,1,1
외교부,1,1
외국인,1,1
외인비율,1,1
외주화,1,1
요소수,1,1
요양병원,1,1
요양시설,1,1
요양원,1,1
용산경찰서,1,1
용산구,1,1
용산구청,1,1
용의자,1,1
용인시,1,1
우리공화당,1,1
우리나라,1,1
우리은행,1,1
우울증,1,1
우정노조,1,1
우크라이나,1,1
우편물,1,1
우한시,1,1
운영자,1,1
운용사,1,1
운전자,1,1
울산경찰청,1,1
울산시,1,1
울산시장,1,1
웅동학원,1,1
워마드,1,1
워크숍,1,1
원격_수업,1,1
원격수업,1,1
원격의료,1,1
원내대표,1,1
원숭이,1,1
원숭이두창,1,1
원스톱,1,1
원어민,1,1
월례비,1,1
웰스씨앤티,1,1
웹하드,1,1
위드_코로나,1,1
위디스크,1,1
위안부,1,1
위약금,1,1
위원장,1,1
위원회,1,1
위장전입,1,1
위중증,1,1
위중증_환자,1,1
유가족,1,1
유공자,1,1
유권자,1,1
유동성,1,1
유람선,1,1
유리홀딩스,1,1
유전자,1,1
유증기,1,1
유치원,1,1
유튜버,1,1
유튜브,1,1
유학생,1,1
유흥업소,1,1
육아휴직,1,1
은평성모병원,1,1
음란물,1,1
음료수,1,1
음성_판정,1,1
음식물,1,1
음식점,1,1
음주운전,1,1
응급실,1,1
응답자,1,1
응시자,1,1
의견서,1,1
의결권,1,1
의대_정원,1,1
의대_정원_확대,1,1
의대생,1,1
의료계,1,1
의료기관,1,1
의료법,1,1
의료법_개정안,1,1
의료비,1,1
의료사고,1,1
의료진,1,1
의무화,1,1
의붓아들,1,1
의사들,1,1
의심환자,1,1
의암댐,1,1
의암호,1,1
의약품,1,1
의원들,1,1
의원실,1,1
의전원,1,1
의정부성모병원,1,1
이대목동병원,1,1
이마트,1,1
이사장,1,1
이사회,1,1
이산화탄소,1,1
이상반응,1,1
이수역,1,1
이스라엘,1,1
이스타항공,1,1
이야기,1,1
이월드,1,1
이태원,1,1
이태원_참사,1,1
이태원_클럽,1,1
이태원_클럽발,1,1
이태원역,1,1
인건비,1,1
인과성,1,1
인권법,1,1
인권위,1,1
인보사,1,1
인사청문회,1,1
인센티브,1,1
인수위,1,1
인천공항,1,1
인천시,1,1
인터넷,1,1
인터뷰,1,1
인테리어,1,1
인플루엔자,1,1
인하대,1,1
일가족,1,1
일교차,1,1
일반고,1,1
일반관리군,1,1
일본인,1,1
일산대교,1,1
일산화탄소,1,1
일상접촉자,1,1
일상회복,1,1
일자리,1,1
일자리_안정자금,1,1
임금피크제,1,1
임단협,1,1
임대료,1,1
임산부,1,1
임상시험,1,1
임신부,1,1
임직원,1,1
임진강,1,1
임차인,1,1
입국자,1,1
입소자,1,1
입장문,1,1
입주민,1,1
입학_취소,1,1
입학식,1,1
자가검사키트,1,1
자가격리,1,1
자가격리자,1,1
자격증,1,1
자기소개서,1,1
자동차,1,1
자릿수,1,1
자문단,1,1
자문위,1,1
자사고,1,1
자사주_매입,1,1
자영업자,1,1
자영업자들,1,1
자외선,1,1
자유한국당,1,1
자전거,1,1
자치경찰,1,1
자치경찰제,1,1
자회사,1,1
작성자,1,1
작업자,1,1
잔여_백신,1,1
잠복기,1,1
잠수교,1,1
잠원동,1,1
장관_,1,1
장관_후보자,1,1
장례식장,1,1
장마전선,1,1
장마철,1,1
장맛비,1,1
장시간,1,1
장애인,1,1
장애인들,1,1
장학금,1,1
재감염,1,1
재건축,1,1
재력가,1,1
재소자,1,1
재수사,1,1
재승인,1,1
재유행,1,1
재응시,1,1
재지정,1,1
재청구,1,1
재취업,1,1
재택근무,1,1
재택치료,1,1
재택치료자,1,1
재판_거래,1,1
재판관,1,1
재판부,1,1
재해법,1,1
재해처벌법,1,1
재활용,1,1
잼버리,1,1
저유소,1,1
저출산,1,1
전공의,1,1
전공의들,1,1
전교조,1,1
전국노래자랑,1,1
전기요금,1,1
전기차,1,1
전남대병원,1,1
전남도,1,1
전남편,1,1
전담사,1,1
전면_등교,1,1
전면파업,1,1
전문가,1,1
전문의,1,1
전북교육청,1,1
전세_사기,1,1
전세기,1,1
전수조사,1,1
전임의,1,1
전자담배,1,1
전자발찌,1,1
전투기,1,1
전파력,1,1
절대평가,1,1
접종_완료율,1,1
접종_완료자,1,1
접종률,1,1
접종자,1,1
접촉자,1,1
정규직,1,1
정규직_전환,1,1
정시_확대,1,1
정시모집,1,1
정신질환자,1,1
정의당,1,1
정체전선,1,1
정치권,1,1
정치보복,1,1
정치인,1,1
정치자금,1,1
정치적_중립,1,1
제보자,1,1
제일교회,1,1
제일모직,1,1
제작진,1,1
제주도,1,1
제주항공,1,1
조사단,1,1
조사위,1,1
조선업,1,1
조선일보,1,1
조양_가족,1,1
조종사,1,1
조직원,1,1
조직위,1,1
조합원,1,1
조합장,1,1
졸업생,1,1
졸업식,1,1
종다리,1,1
종로구,1,1
종사자,1,1
종업원,1,1
주거지,1,1
주민들,1,1
주사기,1,1
주사제,1,1
주유소,1,1
주의보,1,1
주차장,1,1
주총장,1,1
준공영제,1,1
중간고사,1,1
중개사,1,1
중견기업,1,1
중국발,1,1
중국발_입국자,1,1
중국인,1,1
중국인_유학생,1,1
중대본,1,1
중대재해법,1,1
중대재해처벌법,1,1
중소기,1,1
중소기업,1,1
중수청,1,1
중앙지검장,1,1
중재법,1,1
중재안,1,1
중징계,1,1
중학교,1,1
중학생,1,1
중환자,1,1
중환자_병상,1,1
중환자실,1,1
증가세,1,1
증거물,1,1
증거인멸,1,1
증권사,1,1
증명서,1,1
증선위,1,1
증후군,1,1
지검장,1,1
지난달,1,1
지방선거,1,1
지방세,1,1
지방종,1,1
지역사회,1,1
지원금,1,1
지원단,1,1
지원자,1,1
지원청,1,1
지자체,1,1
지청장,1,1
지하주차장,1,1
지하차도,1,1
지하철,1,1
지휘부,1,1
직무배제,1,1
직원들,1,1
직장인,1,1
직접고용,1,1
진단검사,1,1
진단키트,1,1
진료비,1,1
진료소,1,1
진상조사단,1,1
진술서,1,1
진에어,1,1
질병관리본부,1,1
질병관리청,1,1
질병청,1,1
질환자,1,1
집단_감염,1,1
집단감염,1,1
집단행동,1,1
집단휴진,1,1
집무실,1,1
집배원,1,1
집중관리군,1,1
집중호우,1,1
집행유예,1,1
집행정지_신청,1,1
징계,1,1
징계위,1,1
징계위원,1,1
차명계좌,1,1
착용_의무,1,1
착취물,1,1
참가자,1,1
참가자들,1,1
참고인,1,1
참사_당일,1,1
참석자,1,1
참여단,1,1
창업주,1,1
창원시,1,1
창원터널,1,1
채권단,1,1
채널A,1,1
채석장,1,1
채용비리,1,1
책임자,1,1
챌린지,1,1
챗GPT,1,1
처벌법,1,1
처음학교,1,1
천화동,1,1
철근_누락,1,1
철도노조,1,1
청년들,1,1
청담동,1,1
청도_대남병원,1,1
청도대남병원,1,1
청문회,1,1
청소년,1,1
청소년_방역패스,1,1
청소년들,1,1
청와대,1,1
청원인,1,1
청주대,1,1
청주시,1,1
청탁금지법,1,1
청해부대,1,1
체납액,1,1
체납자,1,1
체육계,1,1
체포동의안,1,1
초등학교,1,1
초등학생,1,1
초미세먼지,1,1
촉법소년,1,1
촛불집회,1,1
총파업,1,1
총학생회,1,1
총회장,1,1
촬영물,1,1
최고기온,1,1
최소화,1,1
최우수,1,1
최저임금,1,1
최저임금_인상,1,1
최저임금위원회,1,1
추가_접종,1,1
추가_확진,1,1
추가접종,1,1
추석_연휴,1,1
추진단,1,1
추천위,1,1
춘천시,1,1
출근길,1,1
출생_미신고,1,1
출생신고,1,1
출생통보제,1,1
출연자,1,1
출입국,1,1
출입문,1,1
출판사,1,1
충청권,1,1
취약계층,1,1
취업자,1,1
취임식,1,1
취재진,1,1
치료비,1,1
치료자,1,1
치료제,1,1
치명률,1,1
치사상,1,1
치안감,1,1
치안정감,1,1
친인척,1,1
침방울,1,1
카르텔,1,1
카메라,1,1
카카오,1,1
카카오톡,1,1
카톡방,1,1
카투사,1,1
칼부림,1,1
캄보디아,1,1
캐릭터,1,1
캐시백,1,1
캠퍼스,1,1
캠페인,1,1
커뮤니티,1,1
컨베이어,1,1
컨소시엄,1,1
컨테이너,1,1
컬렉션,1,1
컴퓨터,1,1
케이블카,1,1
케이크,1,1
케타민,1,1
켄타우로스,1,1
코레일,1,1
코로나,1,1
코로나19,1,1
코로나19_검사,1,1
코로나19_백신,1,1
코로나19_사태,1,1
코로나19_예방접종,1,1
코로나19_확진,1,1
코로나19_확진자,1,1
코로나바이러스,1,1
코링크,1,1
코링크PE,1,1
코백스,1,1
코오롱,1,1
코오롱생명과학,1,1
코카인,1,1
코호트,1,1
코호트_격리,1,1
콘서트,1,1
콘크리트,1,1
콘텐츠,1,1
콜센터,1,1
콩레이,1,1
쿠데타,1,1
쿠오모,1,1
쿠웨이트,1,1
크레인,1,1
크로사,1,1
크루즈선,1,1
크리스마스,1,1
클래스,1,1
클럽발,1,1
클리닉,1,1
킬러_문항,1,1
킬러문항,1,1
타미플루,1,1
타워크레인,1,1
탁구장,1,1
탈레반,1,1
태블릿,1,1
태양광,1,1
태종_이방원,1,1
태풍_다나스,1,1
태풍_링링,1,1
태풍_마이삭,1,1
태풍_미탁,1,1
태풍_바비,1,1
태풍_솔릭,1,1
태풍_찬투,1,1
태풍_카눈,1,1
태풍_콩레이,1,1
태풍_타파,1,1
태풍_힌남노,1,1
택배노조,1,1
택배사,1,1
택시기사,1,1
테스트,1,1
텔레그램,1,1
토론회,1,1
톨게이트,1,1
통계청,1,1
통상임금,1,1
통신구,1,1
통신비,1,1
통일부,1,1
통행료,1,1
퇴직금,1,1
투기_의혹,1,1
투자자,1,1
투표소,1,1
투표용지,1,1
투표지,1,1
투표함,1,1
튀르키예,1,1
트라우마,1,1
트렌드,1,1
트위터,1,1
특감반,1,1
특검보,1,1
특검팀,1,1
특목고,1,1
특별법,1,1
특별재판부,1,1
특수교사,1,1
특수단,1,1
특수본,1,1
특수부,1,1
특수학교,1,1
특수활동비,1,1
특조위,1,1
특활비,1,1
파리바게뜨,1,1
파인텍,1,1
파주시,1,1
팍스로비드,1,1
판사들,1,1
팔당댐,1,1
패럴림픽,1,1
패스트,1,1
패스트트랙,1,1
페이스북,1,1
편의점,1,1
편입학,1,1
평가원,1,1
평검사,1,1
폐기물,1,1
폐비닐,1,1
폐사체,1,1
포렌식,1,1
포르노,1,1
포스코,1,1
포스트,1,1
포인트,1,1
포항시,1,1
포항제철소,1,1
포항지진,1,1
표준점수,1,1
표창장,1,1
푸르밀,1,1
프란시스코,1,1
프랜차이즈,1,1
프레시안,1,1
프로그램,1,1
프로듀스,1,1
프로젝트,1,1
프로포폴,1,1
프리랜서,1,1
플라스틱,1,1
플랫폼,1,1
플러스,1,1
플로이드,1,1
피고인,1,1
피의자,1,1
피크제,1,1
피해자,1,1
피해자들,1,1
핀테크,1,1
필로폰,1,1
필리핀,1,1
필수의료,1,1
하기비스,1,1
하나은행,1,1
하드디스크,1,1
하마스,1,1
하이브리드,1,1
하이선,1,1
하이투자증권,1,1
하이트진로,1,1
하청업체,1,1
하청지회,1,1
학교_비정규직,1,1
학교장,1,1
학교폭력,1,1
학년도,1,1
학부모,1,1
학부모들,1,1
학생부,1,1
학생부종합전형,1,1
학생인권조례,1,1
학원가,1,1
한강공원,1,1
한국GM,1,1
한국노총,1,1
한국당,1,1
한국인,1,1
한국지엠,1,1
한국타이어,1,1
한글날,1,1
한마음,1,1
한반도,1,1
한진그룹,1,1
한화토탈,1,1
합격자,1,1
합수단,1,1
합의문,1,1
항공기,1,1
항소심,1,1
해고자,1,1
해밀톤호텔,1,1
해병대,1,1
해수부,1,1
해수욕장,1,1
해외_유입,1,1
해외매각,1,1
핼러윈,1,1
햄버거,1,1
행안부,1,1
행안부_장관,1,1
행정관,1,1
행정안전부,1,1
행정조사,1,1
행정처,1,1
허블레아니호,1,1
허위_인터뷰,1,1
허위사실,1,1
헌법불합치,1,1
헌법재판관,1,1
헌법재판소,1,1
헝가리,1,1
현대건설,1,1
현대산업개발,1,1
현대중공업,1,1
현대차,1,1
현대차그룹,1,1
현수막,1,1
현장실습,1,1
혈전증,1,1
혈중알코올농도,1,1
협력사,1,1
협의체,1,1
협의회,1,1
형사부,1,1
호소인,1,1
호우주의보,1,1
호흡기,1,1
홈페이지,1,1
홍수주의보,1,1
화물연대,1,1
화물연대_파업,1,1
화물차,1,1
화성사건,1,1
화성연쇄살인사건,1,1
화염병,1,1
화이자,1,1
화장실,1,1
화천대유,1,1
화합물,1,1
확산세,1,1
확인서,1,1
확진_판정,1,1
확진_환자,1,1
확진자,1,1
확진환자,1,1
환경부,1,1
환경오염,1,1
환송심,1,1
환자들,1,1
활동비,1,1
활성탄,1,1
활성화,1,1
회계사,1,1
회계처리,1,1
회삿돈,1,1
횡단보도,1,1
후베이,1,1
후베이성,1,1
후보자,1,1
후원금,1,1
후유증,1,1
휠체어,1,1
휴가철,1,1
휴대전화,1,1
휴대폰,1,1
흉기_난동,1,1
흑사병,1,1
희망퇴직,1,1
희생자,1,1
힌남노,1,1
